name,email,password,id
semen,semionburmistrov@yandex.ru,123456789,1
semen123,semionburmistrov12345@yandex.ru,123,2
semen,semionburmistrov123@yandex.ru,123,3
semen,q@q,q,4
q,q@qq,q,5
semen123,q@q,q,6
semen,fvsbdadfv@dfgdbf,gfhdghfghf,7
semen,qqq@qqqq,1111,8
aaaa,a@a,a,9
2,2@2,222,10
semen,qqq@qqqq,4redffdfd,11
qqqqq,qqq@qqqq,rfffddcdfc,12
semen,qqq@qqqq,1232Q322,13
semen12234,semionburmistrov@yandex.ru,123wer,14
semen,qqq@qqqq,123qw,15
nhh@wsw,nhh@wsw,123qw,16
Абдурохман,nhh@wsw,1234фы,17
Wiron,nhh@wsw,123qw,18